Order ID,Trade date,Instrument code,Market code,Quantity,Price,Transaction type,Exchange rate,Transaction fee,Currency,Amount,Transaction method
c60ab2db-ae14-4ed6-a23b-e9d44113aac1,2020-03-25 23:00:00 (UTC),23880,FundNZ,5.4,1.389,BUY,,0,nzd,7.5,BUY
2f6e7012-3794-48e7-985b-99278786f34f,2020-03-25 23:36:54.682349 (UTC),23773,FundNZ,3.7893,1.979,BUY,,0,nzd,7.5,BUY
7a7a8a44-1d00-4210-8dc9-a90fc40479c6,2020-03-25 23:36:54.682349 (UTC),42033,FundNZ,16.3935,1.068,BUY,,0,nzd,17.5,BUY
3697b920-ab0d-45ef-8d49-b4d10b65b559,2020-03-30 01:59:55.536274 (UTC),24292,FundNZ,18.69,0.937,BUY,,0,nzd,17.5,BUY
18a9c032-961f-49d0-9bee-f8662c46d903,2020-04-05 22:01:24 (UTC),GBF,NZX,2.316244,3.238,BUY,,0,nzd,7.5,BUY
9a5bb814-1026-4bff-b3a3-9a3757937ced,2020-04-05 22:03:12 (UTC),USF,NZX,0.957854,7.83,BUY,,0,nzd,7.5,BUY
f48411df-7722-4bfb-b1e0-939c27e69dca,2020-04-27 22:02:50 (UTC),FNZ,NZX,1.854159,2.729,BUY,,0,nzd,5.06,BUY
a998ab5f-95f4-4585-96c6-ae0bc81ce790,2020-04-27 22:28:45 (UTC),USF,NZX,0.575,8.8,BUY,,0,nzd,5.06,BUY
b6b01458-7f3f-431d-8f84-f6a43c71d307,2020-06-09 22:01:39 (UTC),USF,NZX,0.275178,9.085,BUY,,0,nzd,2.5,BUY
8e8a95bb-771c-4f4c-9d0c-61c086ed16db,2020-06-09 22:06:16 (UTC),PX1,NZX,2.646276,0.94,BUY,,0.0125,nzd,2.4875,BUY
62dc8b73-4973-48f3-8bd6-c43271b3c58d,2021-01-17 21:00:25 (UTC),PX1,NZX,8.432203,1.18,BUY,,0.05,nzd,9.95,BUY
4ad2494a-c536-43fc-825d-4d806a5014bd,2021-01-17 21:00:38 (UTC),PEB,NZX,14.088495,1.13,BUY,,0.08,nzd,15.92,BUY
8fac47fe-1319-4b96-9e5d-5efad779426d,2021-01-17 21:02:22 (UTC),MFT,NZX,0.245224,64.92,BUY,,0.08,nzd,15.92,BUY
046b625c-e612-4ef0-a48b-e5ae230abafd,2021-01-17 21:03:13 (UTC),ATM,NZX,1.445958,11.01,BUY,,0.08,nzd,15.92,BUY
88fb1ae1-4731-460a-9de5-6eeb5e8228ed,2021-01-17 21:03:24 (UTC),OCA,NZX,11.132867,1.43,BUY,,0.08,nzd,15.92,BUY
013b248d-1402-4cab-8ff2-3ebfd8423364,2021-01-17 21:11:32 (UTC),FNZ,NZX,1.708914,3.511,BUY,,0,nzd,6,BUY
84c5f1e0-6477-4918-8d23-57f5ac3b62f4,2021-01-18 23:00:00 (UTC),23793,FundNZ,5.752,3.477,BUY,,0,nzd,20,BUY
9a20d0b1-7cc8-4a68-8679-f01cec8aa377,2021-02-21 21:03:01 (UTC),DIV,NZX,2.113758,1.301,BUY,,0,nzd,2.75,BUY
ff568aaa-5dae-4072-91cd-d84179eba91f,2021-04-05 22:01:03 (UTC),BGP,NZX,0.872807,5.7,BUY,,0.025,nzd,4.975,BUY
6c63e46d-f105-4fa2-a24c-c5eabe116d43,2021-04-05 22:01:05 (UTC),EBO,NZX,0.168131,29.59,BUY,,0.025,nzd,4.975,BUY
445537e7-200e-48f4-81b4-548010984639,2021-04-05 22:01:30 (UTC),MLN,NZX,3.826923,1.3,BUY,,0.025,nzd,4.975,BUY
2424cf79-3b2c-4eab-add8-2acfc0fd4a00,2021-04-05 22:01:54 (UTC),HLG,NZX,0.65894,7.55,BUY,,0.025,nzd,4.975,BUY
97d01917-c37a-4a30-8ddd-687276695882,2021-04-05 22:04:01 (UTC),SPK,NZX,1.104328,4.505,BUY,,0.025,nzd,4.975,BUY
24d91fdb-d8e0-451d-a21e-547106f65a0e,2021-04-18 22:00:23 (UTC),OCA,NZX,1.8703,1.33,BUY,,0.0125,nzd,2.4875,BUY
ce111cf1-e1e2-4d9d-9671-6ab0bc82f225,2021-04-27 22:21:07 (UTC),MFT,NZX,0.071275,69.8,BUY,,0.025,nzd,4.975,BUY
bec713f7-1dfe-4bd6-ade7-d37a745167e9,2021-06-01 23:14:32 (UTC),FNZ,NZX,4.384547,3.404,BUY,,0.075,nzd,14.925,BUY
62a8b4b1-35f8-434a-86fa-3c88462f88d1,2021-06-01 23:15:05 (UTC),USF,NZX,1.408151,10.599,BUY,,0.075,nzd,14.925,BUY
f22bf70c-e42c-47f1-be59-dfd354bc1097,2021-06-01 23:15:51 (UTC),MLN,NZX,4.006711,1.49,BUY,,0.03,nzd,5.97,BUY
898b701d-80da-4e6d-8093-626c2d5435ce,2021-06-02 13:30:26.149000 (UTC),TGT,NYSE,0.065549,227.69,BUY,0.725025,0.075,usd,14.925,BUY
e8701b43-a4f9-4d30-bc7f-7e69f154d199,2021-06-02 13:30:26.272000 (UTC),NVDA,NASDAQ,0.038198,651.2,BUY,0.725035,0.125,usd,24.875,BUY
a2147de3-3101-4d67-aec3-ff6a48a90e89,2021-06-02 13:30:26.769000 (UTC),KO,NYSE,0.449007,55.4,BUY,0.725145,0.125,usd,24.875,BUY
8bfcd992-b9af-48bf-90d7-cf25f3cf5573,2021-06-02 13:30:30.927000 (UTC),MCD,NYSE,0.106321,233.96,BUY,0.725125,0.125,usd,24.875,BUY
668ace55-9a19-478c-9139-b0b1749e6b51,2021-06-02 13:30:36.226000 (UTC),AMZN,NASDAQ,0.007716,3223.45,BUY,0.725035,0.125,usd,24.875,BUY
75e9b37e-942e-4a85-a657-d74b3d32e7cb,2021-06-02 13:31:25.292000 (UTC),SBUX,NASDAQ,0.219472,113.34,BUY,0.725035,0.125,usd,24.875,BUY
424f5770-82ed-4e77-951a-19b2adbdb03d,2021-06-03 00:00:00 (UTC),23793,FundNZ,1.5799,4.045,BUY,,0,nzd,6.39,BUY
79a30934-3d9e-47d5-a709-72b6733e7cc8,2021-06-04 00:50:33.119664 (UTC),24292,FundNZ,10.99,1.365,BUY,,0,nzd,15,BUY
6fd60cec-171d-4ff5-8d07-e8afb07dcebb,2021-06-13 22:00:41 (UTC),WBC,NZX,0.175732,28.31,BUY,,0.025,nzd,4.975,BUY
80fd5b28-bf7e-4499-8373-fb8c88a2992c,2021-06-13 22:07:42 (UTC),ANZ,NZX,0.162901,30.54,BUY,,0.025,nzd,4.975,BUY
51ff08d1-4352-43b4-8f49-28ed6b043448,2021-06-20 22:02:07 (UTC),ATM,NZX,0.026533,6.75,BUY,,0.0009,nzd,0.17910448,BUY
e57ea2da-1821-40da-9274-bfc457b4e5e5,2021-06-23 00:35:04 (UTC),SPK,NZX,0.039551,4.78,BUY,,0.00095,nzd,0.18905473,BUY
99496bf3-c665-4ea3-8d94-ca96e1bb1c06,2021-06-28 00:35:49 (UTC),HLG,NZX,0.02404,7.45,BUY,,0.0009,nzd,0.17910448,BUY
1ebfa4ec-1792-4e6f-a2f9-568b8be1c544,2021-07-05 00:00:00 (UTC),23793,FundNZ,0.0914,4.052,BUY,,0,nzd,0.37,BUY
4117bde2-9587-4759-89f2-09321259020c,2021-07-09 13:30:16.328000 (UTC),NVDA,NASDAQ,0.000162,798,BUY,,0.00065,usd,0.12935324,BUY
a4c74ad8-adb0-487f-9773-2200a06244de,2021-07-15 02:20:24 (UTC),DIV,NZX,2.508339,1.317,BUY,,0.01652,nzd,3.30348259,BUY
62cb5441-3a00-403f-aebb-b37ce96e2d0c,2021-07-15 13:30:24.069000 (UTC),TSLA,NASDAQ,0.037628,661.08,BUY,,0.12438,usd,24.8756219,BUY
40115414-5eb2-435f-9f42-fb2341f7770a,2021-07-15 13:30:34.047000 (UTC),AAPL,NASDAQ,0.166581,149.33,BUY,,0.12438,usd,24.8756219,BUY
7c842db4-f559-4f56-b3be-fdd2f286d0c7,2021-07-18 22:01:33 (UTC),ANZ,NZX,0.002402,28.99,BUY,,0.00035,nzd,0.06965175,BUY
04dd7a26-6103-434a-b91a-f0663568b286,2021-07-18 22:01:43 (UTC),WBC,NZX,0.002663,26.15,BUY,,0.00035,nzd,0.06965175,BUY
1ea2c835-5e9e-4e93-9484-5cf85ccf7127,2021-07-26 01:43:41.056707 (UTC),OZY,NZX,6.712558,4.447,BUY,,0.14925,nzd,29.85074543,BUY
d3782173-2114-493b-b74d-bffdcddf8ea5,2021-07-26 01:43:41.056707 (UTC),EUF,NZX,50.509741,1.97,BUY,,0.49751,nzd,99.50248618,BUY
a5e55b44-d923-4bba-a285-d88a27a4a45f,2021-07-26 01:43:41.056707 (UTC),FNZ,NZX,5.769932,3.449,BUY,,0.0995,nzd,19.90049547,BUY
6eeb4dc0-9dde-4171-9f4b-850c086cc6b3,2021-07-26 01:43:41.056707 (UTC),EMF,NZX,50.085144,1.49,BUY,,0.37313,nzd,74.62686456,BUY
32e33591-7fe0-4ca9-aa64-9fcd14774936,2021-07-26 01:43:41.056707 (UTC),APA,NZX,42.108543,2.363,BUY,,0.49751,nzd,99.50248711,BUY
7630916a-ee32-4eae-a74b-36ff0b2967ec,2021-07-26 01:43:41.056707 (UTC),USF,NZX,15.033182,11.583,BUY,,0.87065,nzd,174.1293471,BUY
4e9ba1d7-1361-44d5-a33e-41b0f5a69fa5,2021-08-02 01:41:07.135608 (UTC),OZY,NZX,0.582178,4.495,BUY,,0.01308,nzd,2.616913397,BUY
1cc1ed37-dc70-4e81-ad36-6a5a06e6ef32,2021-08-02 01:41:07.135608 (UTC),EUF,NZX,4.371061,1.992,BUY,,0.04353,nzd,8.706465944,BUY
7de1ecfe-bef9-44d3-b81b-4d9ea3789aef,2021-08-02 01:41:07.135608 (UTC),FNZ,NZX,0.508052,3.427,BUY,,0.00871,nzd,1.741293462,BUY
76caed5f-d7a7-460b-9323-2d24ef438a6a,2021-08-02 01:41:07.135608 (UTC),EMF,NZX,4.413362,1.479,BUY,,0.03264,nzd,6.527362398,BUY
81f36850-a8e7-4cd8-8ecb-7071bd9528c0,2021-08-02 01:41:07.135608 (UTC),APA,NZX,3.706505,2.349,BUY,,0.04353,nzd,8.706465343,BUY
09dbd462-eee2-4b61-9c59-1ba77e02ebc0,2021-08-02 01:41:07.135608 (UTC),USF,NZX,1.31541,11.581,BUY,,0.07617,nzd,15.23382898,BUY
64891fe4-941a-49b7-b1c4-48145c68e265,2021-08-09 02:05:19.573472 (UTC),OZY,NZX,0.578323,4.525,BUY,,0.01308,nzd,2.616911575,BUY
5e0a5c79-9718-4972-b604-ba9d629edc86,2021-08-09 02:05:19.573472 (UTC),EUF,NZX,4.353233,2,BUY,,0.04353,nzd,8.706466,BUY
50e355cb-3414-4446-8c34-4dcaf91a9047,2021-08-09 02:05:19.573472 (UTC),FNZ,NZX,0.503268,3.46,BUY,,0.00871,nzd,1.741292182,BUY
9d271efe-f77e-4ae7-9f07-5c43fdb284e6,2021-08-09 02:05:19.573472 (UTC),EMF,NZX,4.449463,1.467,BUY,,0.03264,nzd,6.527362221,BUY
8241b1d3-932c-4462-8b9e-d13f28f3d4ba,2021-08-09 02:05:19.573472 (UTC),APA,NZX,3.693876,2.357,BUY,,0.04353,nzd,8.706465732,BUY
25a206d4-c51d-44cc-81af-254ef38fd2a8,2021-08-09 02:05:19.573472 (UTC),USF,NZX,1.31428,11.591,BUY,,0.07617,nzd,15.23381948,BUY
fbcc51ee-0056-4ed9-b6c1-6abaacea745f,2021-08-16 01:44:32.389165 (UTC),OZY,NZX,0.578835,4.521,BUY,,0.01308,nzd,2.616913035,BUY
8bd41045-30bb-4af0-b49a-dde5a9edb271,2021-08-16 01:44:32.389165 (UTC),EUF,NZX,4.308025,2.021,BUY,,0.04353,nzd,8.706465967,BUY
65709582-06e2-4da1-875e-b462085c8cda,2021-08-16 01:44:32.389165 (UTC),FNZ,NZX,0.500185,3.481,BUY,,0.00871,nzd,1.74129304,BUY
d8c1cc8a-28c4-4686-90ff-61d22da679c1,2021-08-16 01:44:32.389165 (UTC),EMF,NZX,4.467736,1.461,BUY,,0.03264,nzd,6.527362296,BUY
ff3f785b-f931-4edb-be07-ee2e2158cf62,2021-08-16 01:44:32.389165 (UTC),APA,NZX,3.712779,2.345,BUY,,0.04353,nzd,8.706466755,BUY
0745183c-82e8-40e7-a7b1-7dfb0cf424e7,2021-08-16 01:44:32.389165 (UTC),USF,NZX,1.316894,11.568,BUY,,0.07617,nzd,15.23382979,BUY
49b63381-cbc2-4608-8045-b1ea6ebba8fa,2021-08-19 03:34:22 (UTC),SPK,NZX,0.008309,4.79,BUY,1.459269,0.0002,nzd,0.039801,BUY
2c290b20-4571-49cb-bdf7-6c2d248c1c03,2021-08-23 01:17:07.915281 (UTC),OZY,NZX,0.59166,4.423,BUY,,0.01308,nzd,2.61691218,BUY
5699db8b-71d6-4996-b414-03eb71210ef2,2021-08-23 01:17:07.915281 (UTC),EUF,NZX,4.263827,2.042,BUY,,0.04353,nzd,8.706466539,BUY
19f37c81-dc13-45ec-a138-bc2234896f25,2021-08-23 01:17:07.915281 (UTC),FNZ,NZX,0.491281,3.544,BUY,,0.00871,nzd,1.741290481,BUY
04b7af87-bd8c-4547-88c6-bf7389a70702,2021-08-23 01:17:07.915281 (UTC),EMF,NZX,4.489245,1.454,BUY,,0.03264,nzd,6.52736223,BUY
ea3ba2f2-56ff-4e14-96db-8b95f996de9c,2021-08-23 01:17:07.915281 (UTC),APA,NZX,3.711196,2.346,BUY,,0.04353,nzd,8.706465816,BUY
92eaa24e-b9fd-4aee-b5f4-e563f9d9069e,2021-08-23 01:17:07.915281 (UTC),USF,NZX,1.276506,11.934,BUY,,0.07617,nzd,15.2338226,BUY
60fc3078-1b31-4c86-97ac-8f9d9749d836,2021-08-30 01:24:43.043718 (UTC),OZY,NZX,0.594888,4.399,BUY,,0.01308,nzd,2.616912312,BUY
feb5df9b-c51e-4377-a76b-aab49dab02ff,2021-08-30 01:24:43.043718 (UTC),EUF,NZX,4.305869,2.022,BUY,,0.04353,nzd,8.706467118,BUY
f628ee5e-8ea2-4473-b87f-3216114d998f,2021-08-30 01:24:43.043718 (UTC),FNZ,NZX,0.485987,3.583,BUY,,0.00871,nzd,1.741291421,BUY
33b0dfb9-7600-4464-947b-4b1606b8fb90,2021-08-30 01:24:43.043718 (UTC),EMF,NZX,4.428333,1.474,BUY,,0.03264,nzd,6.527362842,BUY
2201c690-d0f3-432b-9d8d-c9778b2ddba5,2021-08-30 01:24:43.043718 (UTC),APA,NZX,3.723895,2.338,BUY,,0.04353,nzd,8.70646651,BUY
3acb015c-2b97-4832-b6a3-8964ad07777d,2021-08-30 01:24:43.043718 (UTC),USF,NZX,1.290237,11.807,BUY,,0.07617,nzd,15.23382826,BUY
a6d2dfe4-bf5a-4a60-9ce4-7b22e0e1aac3,2021-09-01 13:30:14.515000 (UTC),NVDA,NASDAQ,0.00035436,224.63,BUY,,0.0004,usd,0.079602,BUY
49978468-34ad-4ba8-a4f1-0fce05bb89bf,2021-09-03 13:30:14.587000 (UTC),KO,NYSE,0.25820376,56.61,BUY,0.712683,0.07308,usd,14.61691543,BUY
500e7ccc-c8f1-46f2-afa2-24bb3104db07,2021-09-06 01:28:30.102636 (UTC),OZY,NZX,0.601313,4.352,BUY,,0.01308,nzd,2.616914176,BUY
4c8db96c-f0d5-41b0-b227-a5de16b46870,2021-09-06 01:28:30.102636 (UTC),EUF,NZX,4.372911,1.991,BUY,,0.04353,nzd,8.706465801,BUY
d296796e-0759-4057-a61d-4959cb17fef4,2021-09-06 01:28:30.102636 (UTC),FNZ,NZX,0.483692,3.6,BUY,,0.00871,nzd,1.7412912,BUY
6f5cb1a4-a6e4-4c00-9696-c241307698b6,2021-09-06 01:28:30.102636 (UTC),EMF,NZX,4.440383,1.47,BUY,,0.03264,nzd,6.52736301,BUY
e216821c-403d-421b-9143-faf2eb56473c,2021-09-06 01:28:30.102636 (UTC),APA,NZX,3.663029,2.377,BUY,,0.04353,nzd,8.706466816,BUY
d3d7e99f-568a-457f-b0ea-bb422f72328e,2021-09-06 01:28:30.102636 (UTC),USF,NZX,1.308973,11.638,BUY,,0.07617,nzd,15.23382777,BUY
bfbf6a79-ac5a-41a6-81eb-a3ab0d991f58,2021-09-13 01:24:16.067379 (UTC),OZY,NZX,0.603253,4.338,BUY,,0.01308,nzd,2.616911514,BUY
9e6ff9fe-0b87-4523-a637-b54e983e5600,2021-09-13 01:24:16.067379 (UTC),EUF,NZX,4.435286,1.963,BUY,,0.04353,nzd,8.706466418,BUY
1b9ee931-112c-481e-8871-6b417ce7da99,2021-09-13 01:24:16.067379 (UTC),FNZ,NZX,0.491197,3.545,BUY,,0.00871,nzd,1.741293365,BUY
b3791b9f-e147-4047-9551-4668207f3033,2021-09-13 01:24:16.067379 (UTC),EMF,NZX,4.389618,1.487,BUY,,0.03264,nzd,6.527361966,BUY
122bb464-c453-414a-a08c-bf626155a258,2021-09-13 01:24:16.067379 (UTC),APA,NZX,3.644398,2.389,BUY,,0.04353,nzd,8.706466822,BUY
38398635-470c-43be-8ab7-628325393e80,2021-09-13 01:24:16.067379 (UTC),USF,NZX,1.324934,11.498,BUY,,0.07617,nzd,15.2338235,BUY
74836211-08d7-4b3d-8548-93b83110a0f9,2021-09-20 01:23:07.947758 (UTC),OZY,NZX,0.617488,4.238,BUY,,0.01308,nzd,2.616914144,BUY
08ed7bfa-a966-4031-8d33-4221d80d8c88,2021-09-20 01:23:07.947758 (UTC),EUF,NZX,4.467146,1.949,BUY,,0.04353,nzd,8.706467554,BUY
67033050-51f4-4d29-9513-6797c15203c4,2021-09-20 01:23:07.947758 (UTC),FNZ,NZX,0.48653,3.579,BUY,,0.00871,nzd,1.74129087,BUY
600a1a2b-0356-4130-9ecc-a9d3500048bb,2021-09-20 01:23:07.947758 (UTC),EMF,NZX,4.470796,1.46,BUY,,0.03264,nzd,6.52736216,BUY
aaf55f02-6bad-4f72-8beb-e4a77eae9bd2,2021-09-20 01:23:07.947758 (UTC),APA,NZX,3.621658,2.404,BUY,,0.04353,nzd,8.706465832,BUY
bd268c83-de2f-4150-9147-195078362add,2021-09-20 01:23:07.947758 (UTC),USF,NZX,1.318832,11.551,BUY,,0.07617,nzd,15.23382843,BUY
76250dc7-7ae6-4955-a954-c1bfac251ba5,2021-09-23 01:53:15.118905 (UTC),24292,FundNZ,0.16,1.395,BUY,1.421131,0,nzd,0.21,BUY
93aeeaaa-a1d4-4196-ae6f-8c0b92c91448,2021-09-26 23:34:46 (UTC),MEL,NZX,2.391886,5.2,BUY,,0.06219,nzd,12.43781095,BUY
e54c1c5e-d1ba-4967-ae1e-050cfe8d7eb2,2021-09-26 23:36:24 (UTC),FBU,NZX,0.853073,7.29,BUY,,0.03109,nzd,6.21890548,BUY
7bec3351-e2f9-4ece-88e7-0f77286b47d2,2021-09-26 23:38:05 (UTC),KMD,NZX,4.012197,1.55,BUY,,0.03109,nzd,6.21890548,BUY
559ce5ec-4078-4a03-b542-1be1db04147f,2021-09-27 00:47:14.575852 (UTC),OZY,NZX,0.608726,4.299,BUY,,0.01308,nzd,2.616913074,BUY
e1950280-ce26-490f-9a10-3b99ffc5e960,2021-09-27 00:47:14.575852 (UTC),EUF,NZX,4.430772,1.965,BUY,,0.04353,nzd,8.70646698,BUY
9cec77ba-bb79-4cb9-b79a-e90ededd21b4,2021-09-27 00:47:14.575852 (UTC),FNZ,NZX,0.48237,3.61,BUY,,0.00871,nzd,1.741292027,BUY
0fb2f3ec-7301-433c-9b71-d0a2b5356a9c,2021-09-27 00:47:14.575852 (UTC),EMF,NZX,4.476929,1.458,BUY,,0.03264,nzd,6.527362482,BUY
7aa2f6d6-6b4d-4284-ab37-77de1654ebb0,2021-09-27 00:47:14.575852 (UTC),APA,NZX,3.642873,2.39,BUY,,0.04353,nzd,8.70646647,BUY
56410e0e-481e-413c-82fe-793b2b0568e8,2021-09-27 00:47:14.575852 (UTC),USF,NZX,1.303708,11.685,BUY,,0.07617,nzd,15.23382798,BUY
f88f0938-2908-401c-a95f-14c223bdf42d,2021-09-27 21:00:50 (UTC),MLN,NZX,0.342443,1.54,BUY,,0.00264,nzd,0.52736319,BUY
b9209a73-4cfb-4144-a2c8-7b75638743a2,2021-09-28 19:00:00 (UTC),PX1,NZX,8.287332,0.519,BUY,,0,nzd,4.303766066,BUY
747c4e3c-4504-4ae1-94ad-e022d86d5696,2021-10-04 00:54:14.936502 (UTC),OZY,NZX,0.612143,4.275,BUY,,0.01308,nzd,2.616911325,BUY
43b1086c-4c20-4f8c-814b-e4ece4bc075b,2021-10-04 00:54:14.936502 (UTC),EUF,NZX,4.497142,1.936,BUY,,0.04353,nzd,8.706466912,BUY
1ce1151e-1f01-48e5-906f-d10cc9fca684,2021-10-04 00:54:14.936502 (UTC),FNZ,NZX,0.479695,3.63,BUY,,0.00871,nzd,1.74129285,BUY
b3624583-e8af-4e98-9715-8b9caa99c324,2021-10-04 00:54:14.936502 (UTC),EMF,NZX,4.47386,1.459,BUY,,0.03264,nzd,6.52736174,BUY
7d68081b-ca15-4494-ae04-0391c5c099c9,2021-10-04 00:54:14.936502 (UTC),APA,NZX,3.714505,2.344,BUY,,0.04353,nzd,8.706465415,BUY
618fa4df-137e-424c-a519-080405f6ff93,2021-10-04 00:54:14.936502 (UTC),USF,NZX,1.322495,11.519,BUY,,0.07617,nzd,15.23381991,BUY
6868237c-79b5-4a7e-8f5c-dba1b5029c68,2021-10-11 00:37:46.486056 (UTC),OZY,NZX,0.278848,4.282,BUY,,0.00597,nzd,1.194027136,BUY
1319b419-af21-484c-a8c6-1a50bda579d6,2021-10-11 00:37:46.486056 (UTC),EUF,NZX,2.067584,1.925,BUY,,0.0199,nzd,3.9800992,BUY
f260d66a-3ee5-4cbb-b13e-7377780e0d7c,2021-10-11 00:37:46.486056 (UTC),FNZ,NZX,0.222981,3.57,BUY,,0.00398,nzd,0.796018093,BUY
0640f51d-137b-40fa-88b3-d4582e830a12,2021-10-11 00:37:46.486056 (UTC),EMF,NZX,2.030663,1.47,BUY,,0.01493,nzd,2.98507461,BUY
381667a7-c408-4508-b902-2c799b6e1309,2021-10-11 00:37:46.486056 (UTC),APA,NZX,1.739553,2.288,BUY,,0.0199,nzd,3.980097264,BUY
2d0c82b4-8532-431c-a7ca-98763ee3a3b7,2021-10-11 00:37:46.486056 (UTC),USF,NZX,0.604353,11.525,BUY,,0.03483,nzd,6.965168325,BUY
bb83e8cd-eba8-4bd9-b2ab-eb614e0c849f,2021-10-18 01:24:47.226301 (UTC),OZY,NZX,0.275375,4.336,BUY,,0.00597,nzd,1.194026,BUY
ed3615b9-afd7-472b-93b4-b9989156e34c,2021-10-18 01:24:47.226301 (UTC),EUF,NZX,2.042123,1.949,BUY,,0.0199,nzd,3.980097727,BUY
a4e5d68c-0d53-4c7f-b68d-86bf18be6bae,2021-10-18 01:24:47.226301 (UTC),FNZ,NZX,0.223162,3.567,BUY,,0.00398,nzd,0.796018854,BUY
8d640a07-073d-43a5-a5d5-886d1eda84fd,2021-10-18 01:24:47.226301 (UTC),EMF,NZX,2.011725,1.484,BUY,,0.01493,nzd,2.985074001,BUY
0c63b098-3584-419b-a609-940e9751f720,2021-10-18 01:24:47.226301 (UTC),APA,NZX,1.727473,2.304,BUY,,0.0199,nzd,3.980097792,BUY
541e8eca-4e87-4543-b9d2-29a4176c2d95,2021-10-18 01:24:47.226301 (UTC),USF,NZX,0.602367,11.563,BUY,,0.03483,nzd,6.965169621,BUY
21446485-c691-4b3f-a7f5-0045987374d7,2021-10-25 21:00:37 (UTC),ANZ,NZX,0.168078,29.6,BUY,1.396446,0.02488,nzd,4.97512438,BUY
eb396b90-6a1f-45f7-a168-09879df2bb7d,2021-10-25 21:16:37 (UTC),HLG,NZX,0.700721,7.1,BUY,,0.02488,nzd,4.97512438,BUY
07166cd9-da64-4922-b6c1-fea6aab05ce1,2021-10-26 01:56:02.366796 (UTC),OZY,NZX,0.272547,4.381,BUY,,0.00597,nzd,1.194028407,BUY
e1a5a4c9-2265-4749-9409-ed0d24015907,2021-10-26 01:56:02.366796 (UTC),EUF,NZX,2.042123,1.949,BUY,,0.0199,nzd,3.980097727,BUY
2cd396fe-8a06-4f4a-ac09-d64c506171ab,2021-10-26 01:56:02.366796 (UTC),FNZ,NZX,0.222041,3.585,BUY,,0.00398,nzd,0.796017121,BUY
b8ca8f67-d2d0-484a-885c-93628a770c23,2021-10-26 01:56:02.366796 (UTC),EMF,NZX,2.032045,1.469,BUY,,0.01493,nzd,2.985074105,BUY
24277982-4d02-4a5e-a071-2f7b361f3c41,2021-10-26 01:56:02.366796 (UTC),APA,NZX,1.745657,2.28,BUY,,0.0199,nzd,3.98009796,BUY
4f958e5d-816c-411c-be89-1f2c9c379e36,2021-10-26 01:56:02.366796 (UTC),USF,NZX,0.593894,11.728,BUY,,0.03483,nzd,6.965173456,BUY
168842b7-f765-4f68-b6b0-b05a3c7fc50c,2021-10-27 13:30:37.702000 (UTC),TSLA,NASDAQ,0.037628,1042.84,SELL,,0.19522,usd,39.04477612,SELL
74ffd66c-9556-42bf-8a9e-d1f590a7337a,2021-10-28 19:45:03.810000 (UTC),MCD,NYSE,0.06089751,245.09,BUY,,0.07463,usd,14.92537314,BUY
8c80ad5a-4eba-4d9d-9de0-0ed381e3346e,2021-10-28 19:46:10.836000 (UTC),KO,NYSE,0.30211507,55.99,BUY,,0.08458,usd,16.91542289,BUY
42ef7939-aa7d-4071-865a-6f978815f702,2021-10-28 19:48:35.029000 (UTC),SBUX,NASDAQ,0.06215042,112.71,BUY,,0.03502,usd,7.00497513,BUY
5c5848d9-a219-47c0-8577-3e718d39e666,2021-11-01 00:26:54.819308 (UTC),OZY,NZX,0.27819459,4.292,BUY,,0.00597,nzd,1.194029819,BUY
2b46376a-fbeb-48f0-8f76-9e21af002bf9,2021-11-01 00:26:54.819308 (UTC),EUF,NZX,2.04212391,1.949,BUY,,0.0199,nzd,3.980099501,BUY
f0a683cd-1d30-42b9-b57f-6699d0af28a0,2021-11-01 00:26:54.819308 (UTC),FNZ,NZX,0.22366392,3.559,BUY,,0.00398,nzd,0.796019891,BUY
af6226f5-20e8-4b6f-880a-c05dc6cae8e3,2021-11-01 00:26:54.819308 (UTC),EMF,NZX,2.08746477,1.43,BUY,,0.01493,nzd,2.985074621,BUY
effa4dc8-a75e-4308-a570-8b3ccf125b73,2021-11-01 00:26:54.819308 (UTC),APA,NZX,1.75644285,2.266,BUY,,0.0199,nzd,3.980099498,BUY
6334a1c7-05bd-4601-b7a3-fb7bc2831fda,2021-11-01 00:26:54.819308 (UTC),USF,NZX,0.59026899,11.8,BUY,,0.03483,nzd,6.965174082,BUY
59b813c8-bbfa-4a82-b14e-dda7a2a6a9ab,2021-11-08 00:29:21.880519 (UTC),OZY,NZX,0.27467905,4.347,BUY,,0.00597,nzd,1.19402983,BUY
711b7abc-a8e2-4f4d-a8b4-a4890f08d409,2021-11-08 00:29:21.880519 (UTC),EUF,NZX,1.99804192,1.992,BUY,,0.0199,nzd,3.980099505,BUY
f84e2015-c373-4938-a54a-3455fefa2e6a,2021-11-08 00:29:21.880519 (UTC),FNZ,NZX,0.22461058,3.544,BUY,,0.00398,nzd,0.796019896,BUY
27fd4f99-ae71-4be5-82c1-e3d522f831a2,2021-11-08 00:29:21.880519 (UTC),EMF,NZX,2.07297042,1.44,BUY,,0.01493,nzd,2.985074627,BUY
03aac756-ac74-465c-936c-73a78ec18f7d,2021-11-08 00:29:21.880519 (UTC),APA,NZX,1.720042,2.314,BUY,,0.0199,nzd,3.980099502,BUY
5e0e3951-3761-41c9-ab1d-365ee19b8f00,2021-11-08 00:29:21.880519 (UTC),USF,NZX,0.5756818,12.099,BUY,,0.03483,nzd,6.965174098,BUY
e09e916c-6d23-40c7-b862-b75c8fdcda4c,2021-11-15 00:09:13.101137 (UTC),OZY,NZX,0.27354635,4.365,BUY,,0.00597,nzd,1.194029818,BUY
88b9993d-5c1b-4417-80a0-e53ee9822c13,2021-11-15 00:09:13.101137 (UTC),EUF,NZX,1.980149,2.01,BUY,,0.0199,nzd,3.98009949,BUY
1e0fc5d9-e7d8-4c7c-b908-6d0df7878750,2021-11-15 00:09:13.101137 (UTC),FNZ,NZX,0.2264637,3.515,BUY,,0.00398,nzd,0.796019906,BUY
ef08645d-5a55-4f2e-a0b9-40ba6140d5f0,2021-11-15 00:09:13.101137 (UTC),EMF,NZX,1.99700999,1.495,BUY,,0.01493,nzd,2.985074617,BUY
3d7c1fda-bdc9-4a48-8484-d4402f39bcfd,2021-11-15 00:09:13.101137 (UTC),APA,NZX,1.70819721,2.33,BUY,,0.0199,nzd,3.980099499,BUY
6b441416-4792-410e-a584-5fc2c36dd821,2021-11-15 00:09:13.101137 (UTC),USF,NZX,0.57166563,12.184,BUY,,0.03483,nzd,6.965174036,BUY
3390d96a-6dab-4c1a-aa04-d0e39b485e90,2021-11-15 02:50:49 (UTC),SPK,NZX,1.17191818,4.5,BUY,,0.02637,nzd,5.27363185,BUY
a200a13f-5dac-4b7d-8be7-d93a9a7c9d05,2021-11-22 00:57:52.343434 (UTC),OZY,NZX,0.281596,4.24,BUY,,0.00597,nzd,1.194029836,BUY
a72d91a0-f1cd-4612-8485-b688372e5859,2021-11-22 00:57:52.343434 (UTC),EUF,NZX,2.0030697,1.987,BUY,,0.0199,nzd,3.980099494,BUY
6acfd9b5-9d86-4c73-83cc-2f705cfd5bdd,2021-11-22 00:57:52.343434 (UTC),FNZ,NZX,0.23204884,3.43,BUY,,0.00398,nzd,0.796019877,BUY
3675ef08-244e-4899-9d42-231060a35cb4,2021-11-22 00:57:52.343434 (UTC),EMF,NZX,2.01694231,1.48,BUY,,0.01493,nzd,2.985074619,BUY
8aaf72f6-4f85-4449-bb50-bb2788a15b3c,2021-11-22 00:57:52.343434 (UTC),APA,NZX,1.71646941,2.319,BUY,,0.0199,nzd,3.98009949,BUY
6e340b32-8798-495f-901b-fbafc6bd33f7,2021-11-22 00:57:52.343434 (UTC),USF,NZX,0.56494234,12.329,BUY,,0.03483,nzd,6.96517411,BUY
34b205fe-34cb-439f-a4a7-677ebcc0ce95,2021-11-24 20:59:56 (UTC),PEB,NZX,14.088495,1.35,SELL,,0.09462,nzd,18.92484403,SELL
13a443c0-c406-41f3-b682-99ae2f7b55d3,2021-11-24 23:00:00 (UTC),23793,FundNZ,7.4233,4.36,SELL,,0,nzd,32.32,SELL
0ba62a0c-bc1a-4b84-abb1-3363549f78b0,2021-11-29 00:33:04.793519 (UTC),OZY,NZX,0.28565307,4.18,BUY,,0.00597,nzd,1.194029833,BUY
00b521d2-9bb9-43da-b0f6-3b59144a9ada,2021-11-29 00:33:04.793519 (UTC),EUF,NZX,2.04212391,1.949,BUY,,0.0199,nzd,3.980099501,BUY
88d0af8d-aa51-42a4-a55f-4855541344ab,2021-11-29 00:33:04.793519 (UTC),FNZ,NZX,0.23740528,3.353,BUY,,0.00398,nzd,0.796019904,BUY
145c9f87-4c6b-4b34-8b43-49db9b883caf,2021-11-29 00:33:04.793519 (UTC),EMF,NZX,2.05583652,1.452,BUY,,0.01493,nzd,2.985074627,BUY
b4f0a266-6487-454c-b58f-bfec872c24fb,2021-11-29 00:33:04.793519 (UTC),APA,NZX,1.74336378,2.283,BUY,,0.0199,nzd,3.98009951,BUY
b50488ab-4f32-4eab-ae89-7f344845c3d2,2021-11-29 00:33:04.793519 (UTC),USF,NZX,0.56193417,12.395,BUY,,0.03483,nzd,6.965174037,BUY
67642a60-1ab4-4314-a91e-cc6693c48f73,2021-12-06 00:17:14.612571 (UTC),OZY,NZX,0.28757944,4.152,BUY,,0.00597,nzd,1.194029835,BUY
7323e25e-27ca-440a-93ed-a87959a29d13,2021-12-06 00:17:14.612571 (UTC),EUF,NZX,2.04107667,1.95,BUY,,0.0199,nzd,3.980099507,BUY
1eb4a03e-5096-487f-afa6-183c87b533b4,2021-12-06 00:17:14.612571 (UTC),FNZ,NZX,0.23523046,3.384,BUY,,0.00398,nzd,0.796019877,BUY
6c0eaf97-28e0-4af9-b27f-f08659a4343b,2021-12-06 00:17:14.612571 (UTC),EMF,NZX,2.04317362,1.461,BUY,,0.01493,nzd,2.985074616,BUY
78ce896c-3ec6-4e4d-aeec-6b179a4cf31b,2021-12-06 00:17:14.612571 (UTC),APA,NZX,1.71926544,2.315,BUY,,0.0199,nzd,3.980099494,BUY
e4156f14-331c-4988-8bb8-9f8753488f14,2021-12-06 00:17:14.612571 (UTC),USF,NZX,0.56627431,12.3,BUY,,0.03483,nzd,6.965174013,BUY
f62a3fe3-3423-443c-8bca-1fdfb864a57f,2021-12-13 00:36:41.314181 (UTC),OZY,NZX,0.27665257,4.316,BUY,,0.00597,nzd,1.194029838,BUY
491ea0d7-9631-4d05-97c9-9a10ba7badbe,2021-12-13 00:36:41.314181 (UTC),EUF,NZX,1.99104568,1.999,BUY,,0.0199,nzd,3.980099508,BUY
54aa3e30-422c-4d56-949c-f00e50723c89,2021-12-13 00:36:41.314181 (UTC),FNZ,NZX,0.23093121,3.447,BUY,,0.00398,nzd,0.796019881,BUY
f95d1828-c667-43df-bcfe-c664a49e0bb7,2021-12-13 00:36:41.314181 (UTC),EMF,NZX,2.00475126,1.489,BUY,,0.01493,nzd,2.985074626,BUY
15a6cdb5-f536-442b-8dd3-03727fce8630,2021-12-13 00:36:41.314181 (UTC),APA,NZX,1.6960122,2.347,BUY,,0.0199,nzd,3.980099502,BUY
eb989f65-1bd1-478f-9522-72b08d142dbf,2021-12-13 00:36:41.314181 (UTC),USF,NZX,0.54742118,12.724,BUY,,0.03483,nzd,6.965174098,BUY
9191bca1-5ec5-46c1-9df2-44e01bf3ac3b,2021-12-20 00:52:45.408944 (UTC),OZY,NZX,0.28161081,4.24,BUY,,0.00597,nzd,1.194029834,BUY
59d2527e-a1ab-4186-aa47-01f8af1ca8be,2021-12-20 00:52:45.408944 (UTC),EUF,NZX,2.03695783,1.954,BUY,,0.0199,nzd,3.980099493,BUY
3377ca87-00ef-4624-b926-5f60aab13155,2021-12-20 00:52:45.408944 (UTC),FNZ,NZX,0.23309514,3.415,BUY,,0.00398,nzd,0.796019903,BUY
3fc16dfa-aff6-49a7-8dd7-373b2ea14817,2021-12-20 00:52:45.408944 (UTC),EMF,NZX,2.05725336,1.451,BUY,,0.01493,nzd,2.985074625,BUY
290f0c7b-8905-4e88-9b8b-121ac050de86,2021-12-20 00:52:45.408944 (UTC),APA,NZX,1.70893066,2.329,BUY,,0.0199,nzd,3.980099507,BUY
7324801a-8fb7-4447-9e0e-63aefce9de4c,2021-12-20 00:52:45.408944 (UTC),USF,NZX,0.55779403,12.487,BUY,,0.03483,nzd,6.965174053,BUY
8fb4d6ff-e497-47d3-ab8f-b60cc0d73b86,2021-12-29 00:42:17.493564 (UTC),OZY,NZX,0.27143211,4.399,BUY,,0.00597,nzd,1.194029852,BUY
1a9f8066-56ac-4a7a-b29a-e6c1c389cc3a,2021-12-29 00:42:17.493564 (UTC),EUF,NZX,1.94307298,2.048,BUY,,0.0199,nzd,3.98009951,BUY
8ec21d69-8b85-4177-a511-d167ba22e0f8,2021-12-29 00:42:17.493564 (UTC),FNZ,NZX,0.2281513,3.489,BUY,,0.00398,nzd,0.796019886,BUY
66c3e0cb-e881-40ce-9257-399c7099ee3b,2021-12-29 00:42:17.493564 (UTC),EMF,NZX,2.03204535,1.469,BUY,,0.01493,nzd,2.985074619,BUY
51c6a0a1-d0c7-488f-9126-aa9864ffd09e,2021-12-29 00:42:17.493564 (UTC),APA,NZX,1.69799467,2.344,BUY,,0.0199,nzd,3.980099506,BUY
86e36eda-7081-4217-abe4-bd755087d2b8,2021-12-29 00:42:17.493564 (UTC),USF,NZX,0.54014533,12.895,BUY,,0.03483,nzd,6.96517403,BUY
5bb8d20e-1cf0-460a-9ad6-6a9abe7db43e,2022-01-05 00:40:43.577300 (UTC),OZY,NZX,0.27329585,4.369,BUY,,0.00597,nzd,1.194029858,BUY
74d5d905-ebbb-4e78-9fe2-a0988bfa667c,2022-01-05 00:40:43.577300 (UTC),EUF,NZX,1.93867464,2.053,BUY,,0.0199,nzd,3.980099501,BUY
dfeeb06d-c24a-46ec-8881-1687bd4eb2e4,2022-01-05 00:40:43.577300 (UTC),FNZ,NZX,0.227074,3.506,BUY,,0.00398,nzd,0.796019898,BUY
a1d90f18-fdca-4c7c-8533-1f1f49aea9bf,2022-01-05 00:40:43.577300 (UTC),EMF,NZX,2.02515239,1.474,BUY,,0.01493,nzd,2.985074623,BUY
e15e1dc4-0986-4040-bbbe-2f12928336ec,2022-01-05 00:40:43.577300 (UTC),APA,NZX,1.69727041,2.345,BUY,,0.0199,nzd,3.98009949,BUY
8778d655-b9d5-4e55-a193-8dfe699bd1c4,2022-01-05 00:40:43.577300 (UTC),USF,NZX,0.54258578,12.837,BUY,,0.03483,nzd,6.965174043,BUY
ec9d37a7-7106-4716-87cb-398b2f14b4a3,2022-01-10 00:32:55.757943 (UTC),OZY,NZX,0.2734837,4.366,BUY,,0.00597,nzd,1.194029834,BUY
9c3213c5-fcb5-4710-808d-ad1e68f96032,2022-01-10 00:32:55.757943 (UTC),EUF,NZX,1.94151195,2.05,BUY,,0.0199,nzd,3.980099498,BUY
34514fdf-9a93-4f77-97d1-cb73048d0650,2022-01-10 00:32:55.757943 (UTC),FNZ,NZX,0.23013006,3.459,BUY,,0.00398,nzd,0.796019878,BUY
57cba50a-efad-4dd6-8edc-14fb7d9c354b,2022-01-10 00:32:55.757943 (UTC),EMF,NZX,2.02240828,1.476,BUY,,0.01493,nzd,2.985074621,BUY
3ab00cf9-8fe4-4b39-b9e2-731c46efcd9e,2022-01-10 00:32:55.757943 (UTC),APA,NZX,1.71408247,2.322,BUY,,0.0199,nzd,3.980099495,BUY
d7c02448-2155-4974-a656-ab2936caea8f,2022-01-10 00:32:55.757943 (UTC),USF,NZX,0.55191554,12.62,BUY,,0.03483,nzd,6.965174115,BUY
23109f45-47a1-47c5-82de-f68790749134,2022-01-17 00:40:18.764908 (UTC),OZY,NZX,0.27372508,4.362,BUY,,0.00597,nzd,1.194029858,BUY
91bb8ffe-f7f5-4ef9-a330-fe9a9aa65d5c,2022-01-17 00:40:18.764908 (UTC),EUF,NZX,1.95736142,2.033,BUY,,0.0199,nzd,3.980099494,BUY
3d3c5532-52f2-4175-b736-4be2a9bd1663,2022-01-17 00:40:18.764908 (UTC),FNZ,NZX,0.23226788,3.427,BUY,,0.00398,nzd,0.796019884,BUY
8ee3d3e1-9a69-42e2-a9af-efe4795097f8,2022-01-17 00:40:18.764908 (UTC),EMF,NZX,1.98343829,1.505,BUY,,0.01493,nzd,2.985074626,BUY
50cefb5a-43af-4ca1-bccc-ff7382717233,2022-01-17 00:40:18.764908 (UTC),APA,NZX,1.7067322,2.332,BUY,,0.0199,nzd,3.98009949,BUY
47b3d3f5-5712-4bb0-9d5b-89ae65c012b5,2022-01-17 00:40:18.764908 (UTC),USF,NZX,0.55681302,12.509,BUY,,0.03483,nzd,6.965174067,BUY
449cc42a-0a0f-4c0b-8fe5-adc421434744,2022-01-23 23:57:34.010213 (UTC),OZY,NZX,0.28154441,4.241,BUY,,0.00597,nzd,1.194029843,BUY
bb8c19d6-19b8-44b4-baf9-9c7a268ce997,2022-01-23 23:57:34.010213 (UTC),EUF,NZX,1.99104527,1.999,BUY,,0.0199,nzd,3.980099495,BUY
e1d5914d-82a1-445b-94e0-fc54220c042d,2022-01-23 23:57:34.010213 (UTC),FNZ,NZX,0.2437293,3.266,BUY,,0.00398,nzd,0.796019894,BUY
abfcff82-d024-4d44-a491-db8bd3aeb4a6,2022-01-23 23:57:34.010213 (UTC),EMF,NZX,1.99030053,1.5,BUY,,0.01493,nzd,2.985074628,BUY
ac5f2ed2-da6e-4b1d-acc7-2135945dfa97,2022-01-23 23:57:34.010213 (UTC),APA,NZX,1.74336378,2.283,BUY,,0.0199,nzd,3.98009951,BUY
66082770-4618-4ec1-8158-401d43e1d356,2022-01-23 23:57:34.010213 (UTC),USF,NZX,0.58047955,11.999,BUY,,0.03483,nzd,6.96517412,BUY
447c34c3-c35d-4f80-8990-b2a1aa1fb1ae,2022-01-31 00:13:03.267216 (UTC),OZY,NZX,0.28723437,4.157,BUY,,0.00597,nzd,1.194029829,BUY
bd228b3d-a001-45ba-a18e-bf6b6bea63de,2022-01-31 00:13:03.267216 (UTC),EUF,NZX,1.98409746,2.006,BUY,,0.0199,nzd,3.980099505,BUY
d6425936-e125-44bc-91c7-2ed4dfc51cf3,2022-01-31 00:13:03.267216 (UTC),FNZ,NZX,0.24767265,3.214,BUY,,0.00398,nzd,0.796019897,BUY
1801a3d3-4a3b-469e-adff-54ac8d7a1c4d,2022-01-31 00:13:03.267216 (UTC),EMF,NZX,2.01501987,1.481,BUY,,0.01493,nzd,2.985074616,BUY
83331d76-66ba-480f-b655-1fc50d5a95df,2022-01-31 00:13:03.267216 (UTC),APA,NZX,1.76657767,2.253,BUY,,0.0199,nzd,3.980099491,BUY
bbe0f5f2-8b6e-4fb9-bdbd-03348df96b19,2022-01-31 00:13:03.267216 (UTC),USF,NZX,0.56402738,12.349,BUY,,0.03483,nzd,6.965174116,BUY
41fcd414-cafd-4c82-980b-93788ef0cc0e,2022-02-08 00:09:39.556898 (UTC),OZY,NZX,0.27865347,4.285,BUY,,0.00597,nzd,1.19402984,BUY
bee95520-7975-424f-85ed-e796145a2327,2022-02-08 00:09:39.556898 (UTC),EUF,NZX,1.97034629,2.02,BUY,,0.0199,nzd,3.980099506,BUY
7c2e62b0-ce75-4f81-80b8-89a483a4878e,2022-02-08 00:09:39.556898 (UTC),FNZ,NZX,0.24027162,3.313,BUY,,0.00398,nzd,0.796019877,BUY
aed79f04-5dc3-4885-a3ee-4003406c8faf,2022-02-08 00:09:39.556898 (UTC),EMF,NZX,1.97687061,1.51,BUY,,0.01493,nzd,2.985074621,BUY
fb5a42db-ddb5-406d-b537-b6b5738a9fa7,2022-02-08 00:09:39.556898 (UTC),APA,NZX,1.73879401,2.289,BUY,,0.0199,nzd,3.980099489,BUY
5f47ad9e-8ecf-4941-bfdf-2efcfe9bd0f6,2022-02-08 00:09:39.556898 (UTC),USF,NZX,0.56220809,12.389,BUY,,0.03483,nzd,6.965174101,BUY
ef3a607e-685e-49f7-9aec-87965c37c521,2022-02-14 00:07:08.421146 (UTC),OZY,NZX,0.27379726,4.361,BUY,,0.00597,nzd,1.194029851,BUY
fee847f6-b42a-40ae-bbff-d56445f2786e,2022-02-14 00:07:08.421146 (UTC),EUF,NZX,1.99403783,1.996,BUY,,0.0199,nzd,3.980099509,BUY
d6cd0437-5ba1-4b3f-af83-a32e776ec110,2022-02-14 00:07:08.421146 (UTC),FNZ,NZX,0.24477955,3.252,BUY,,0.00398,nzd,0.79601989,BUY
df4f3463-0181-44c0-b142-c3dabd9a117b,2022-02-14 00:07:08.421146 (UTC),EMF,NZX,1.97295084,1.513,BUY,,0.01493,nzd,2.985074621,BUY
6231c770-f241-4579-a1b2-84ae13c0a143,2022-02-14 00:07:08.421146 (UTC),APA,NZX,1.73879401,2.289,BUY,,0.0199,nzd,3.980099489,BUY
c7c0f079-093d-414a-ba54-1db3493cf71d,2022-02-14 00:07:08.421146 (UTC),USF,NZX,0.57253191,12.166,BUY,,0.03483,nzd,6.965174051,BUY
9f046096-c657-4635-b90e-1118c9b694bc,2022-02-21 00:16:23.864518 (UTC),OZY,NZX,0.27626789,4.322,BUY,,0.00597,nzd,1.194029821,BUY
4e6d2c2f-1c58-4fba-abae-b23b55028e6b,2022-02-21 00:16:23.864518 (UTC),EUF,NZX,2.04212391,1.949,BUY,,0.0199,nzd,3.980099501,BUY
172bf423-6be0-4372-9744-964444813698,2022-02-21 00:16:23.864518 (UTC),FNZ,NZX,0.24291104,3.277,BUY,,0.00398,nzd,0.796019893,BUY
73b65e08-7dad-4f59-b94f-7358b2a7129d,2022-02-21 00:16:23.864518 (UTC),EMF,NZX,1.99670543,1.495,BUY,,0.01493,nzd,2.985074618,BUY
db999435-86e3-4588-badc-193ae4216920,2022-02-21 00:16:23.864518 (UTC),APA,NZX,1.76188557,2.259,BUY,,0.0199,nzd,3.980099503,BUY
b2e0a06b-780e-4591-ba1a-1436067d3232,2022-02-21 00:16:23.864518 (UTC),USF,NZX,0.58852953,11.835,BUY,,0.03483,nzd,6.965174098,BUY
540fd9b7-683a-4e5b-96e7-85cb1ed790e8,2022-02-28 00:24:52.107716 (UTC),OZY,NZX,0.28301252,4.219,BUY,,0.00597,nzd,1.194029822,BUY
23c247bb-d2c1-457a-b106-fe5e7c6af2a4,2022-02-28 00:24:52.107716 (UTC),EUF,NZX,2.09589231,1.899,BUY,,0.0199,nzd,3.980099497,BUY
0322954b-f022-4491-b253-0fea9656c9b8,2022-02-28 00:24:52.107716 (UTC),FNZ,NZX,0.24652211,3.229,BUY,,0.00398,nzd,0.796019893,BUY
af354a94-f21e-4d8e-9399-bb80bac1d64c,2022-02-28 00:24:52.107716 (UTC),EMF,NZX,2.08746477,1.43,BUY,,0.01493,nzd,2.985074621,BUY
1c1cccad-8874-48f6-9f50-82d612947478,2022-02-28 00:24:52.107716 (UTC),APA,NZX,1.78880876,2.225,BUY,,0.0199,nzd,3.980099491,BUY
9eb8b381-cdf4-4b66-8b0c-c321385fcea0,2022-02-28 00:24:52.107716 (UTC),USF,NZX,0.5946533,11.713,BUY,,0.03483,nzd,6.965174103,BUY
52400c86-5f44-4061-9989-ec81faf658a3,2022-03-06 21:00:20 (UTC),PX1,NZX,19.365811,0.31,SELL,,0.02987,nzd,5.97353375,SELL
624d3b7f-64e2-4681-8c64-ec3f57240634,2022-03-07 00:31:44.424147 (UTC),OZY,NZX,0.27652382,4.318,BUY,,0.00597,nzd,1.194029855,BUY
5e701346-493e-4629-8409-c37c36a95d5e,2022-03-07 00:31:44.424147 (UTC),EUF,NZX,2.38472109,1.669,BUY,,0.0199,nzd,3.980099499,BUY
a42499dd-9e92-4f4d-8ae0-756388592e9c,2022-03-07 00:31:44.424147 (UTC),FNZ,NZX,0.24477857,3.252,BUY,,0.00398,nzd,0.79601991,BUY
c8a2d875-1cf8-4190-a7d7-0a370c3ce73a,2022-03-07 00:31:44.424147 (UTC),EMF,NZX,2.24779716,1.328,BUY,,0.01493,nzd,2.985074628,BUY
f399a598-b1c6-487d-af44-54339aa018ed,2022-03-07 00:31:44.424147 (UTC),APA,NZX,1.87563596,2.122,BUY,,0.0199,nzd,3.980099507,BUY
f4823d0a-13e0-40e3-bcd5-c6251a6f5cae,2022-03-07 00:31:44.424147 (UTC),USF,NZX,0.6137258,11.349,BUY,,0.03483,nzd,6.965174104,BUY
778c9ed6-6c36-4633-a065-81fbde865056,2022-03-14 00:29:57.401523 (UTC),OZY,NZX,0.27418159,4.355,BUY,,0.00597,nzd,1.194029822,BUY
747b6954-9c5a-49c3-9233-b854db0f3f98,2022-03-14 00:29:57.401523 (UTC),EUF,NZX,2.29136413,1.737,BUY,,0.0199,nzd,3.980099494,BUY
178db14d-a7a0-406c-b8b3-afb5878b9b0c,2022-03-14 00:29:57.401523 (UTC),FNZ,NZX,0.24984931,3.186,BUY,,0.00398,nzd,0.796019902,BUY
c8ac7a3f-8cb7-4ecc-8616-56ada0094567,2022-03-14 00:29:57.401523 (UTC),EMF,NZX,2.28216714,1.308,BUY,,0.01493,nzd,2.985074619,BUY
0576725f-b815-428d-be6d-56b46dc6797d,2022-03-14 00:29:57.401523 (UTC),APA,NZX,1.89980883,2.095,BUY,,0.0199,nzd,3.980099499,BUY
f90546f5-b871-4252-926b-2e64fb8d4965,2022-03-14 00:29:57.401523 (UTC),USF,NZX,0.61092659,11.401,BUY,,0.03483,nzd,6.965174053,BUY
4c035790-47de-436a-abc3-19ea1f0c6811,2022-03-21 00:06:38.243497 (UTC),OZY,NZX,0.26587171,4.491,BUY,,0.00597,nzd,1.19402985,BUY
2511244a-64da-4ea0-bc33-1ad8d7b3699e,2022-03-21 00:06:38.243497 (UTC),EUF,NZX,2.1572355,1.845,BUY,,0.0199,nzd,3.980099498,BUY
1a3124c6-210a-443c-a72a-5479f45ab02c,2022-03-21 00:06:38.243497 (UTC),FNZ,NZX,0.24242144,3.284,BUY,,0.00398,nzd,0.796019889,BUY
9c740a70-2f0c-4869-b8f6-f27084cc9883,2022-03-21 00:06:38.243497 (UTC),EMF,NZX,2.18847113,1.364,BUY,,0.01493,nzd,2.985074621,BUY
998374be-b15b-4466-8ca3-aff870450568,2022-03-21 00:06:38.243497 (UTC),APA,NZX,1.82573372,2.18,BUY,,0.0199,nzd,3.98009951,BUY
dc25a2f6-afc8-487d-bfa9-17f01f2a4cac,2022-03-21 00:06:38.243497 (UTC),USF,NZX,0.58847365,11.836,BUY,,0.03483,nzd,6.965174121,BUY
ed88b9b4-e567-4d13-becf-2faea86e3749,2022-03-28 00:08:50.293117 (UTC),OZY,NZX,0.26139007,4.568,BUY,,0.00597,nzd,1.19402984,BUY
8720604a-89a3-4a3f-b9d8-be0138176c18,2022-03-28 00:08:50.293117 (UTC),EUF,NZX,2.20382032,1.806,BUY,,0.0199,nzd,3.980099498,BUY
57469f64-7f89-4400-9d2c-77d35ded8515,2022-03-28 00:08:50.293117 (UTC),FNZ,NZX,0.24360451,3.268,BUY,,0.00398,nzd,0.79601988,BUY
421ef32a-05e2-4f7e-be64-e30b0beaf5dc,2022-03-28 00:08:50.293117 (UTC),EMF,NZX,2.23266614,1.337,BUY,,0.01493,nzd,2.985074629,BUY
56face7c-b75c-4c04-a26c-68423c8d29f4,2022-03-28 00:08:50.293117 (UTC),APA,NZX,1.83838314,2.165,BUY,,0.0199,nzd,3.980099498,BUY
91e2d97f-703a-49ea-b5db-396e3d4b75c1,2022-03-28 00:08:50.293117 (UTC),USF,NZX,0.58713429,11.863,BUY,,0.03483,nzd,6.965174082,BUY
bb7ed57d-d71b-4822-ba59-f1ce9054329a,2022-04-03 22:01:13 (UTC),GBF,NZX,0.316244,3.183,SELL,,0.00501,nzd,1.001596672,SELL
2945cc08-aa9c-483c-a284-666d03868cc7,2022-04-03 22:01:13 (UTC),GBF,NZX,2,3.182,SELL,,0.03166,nzd,6.33233831,SELL
9300e3f8-9a0f-46d4-8680-121e1b5cc112,2022-04-04 01:34:48.397646 (UTC),OZY,NZX,0.25711237,4.644,BUY,,0.00597,nzd,1.194029846,BUY
9d4bdabd-a232-4bb9-9627-8ee973eec5e1,2022-04-04 01:34:48.397646 (UTC),EUF,NZX,2.16427379,1.839,BUY,,0.0199,nzd,3.9800995,BUY
ae311f59-804d-4dd6-8856-e1101a7a7bce,2022-04-04 01:34:48.397646 (UTC),FNZ,NZX,0.24180434,3.292,BUY,,0.00398,nzd,0.796019887,BUY
f4791cb1-d85b-4b32-89fc-349da205cc20,2022-04-04 01:34:48.397646 (UTC),EMF,NZX,2.17729732,1.371,BUY,,0.01493,nzd,2.985074626,BUY
c26bd455-d8a4-4537-8f2e-3c067135594f,2022-04-04 01:34:48.397646 (UTC),APA,NZX,1.82741024,2.178,BUY,,0.0199,nzd,3.980099503,BUY
5417772c-9c09-448e-bb37-e62fdd96ca7e,2022-04-04 01:34:48.397646 (UTC),USF,NZX,0.58047955,11.999,BUY,,0.03483,nzd,6.96517412,BUY
ecb710cd-9d0e-4ae4-805e-e6e34fff099a,2022-04-05 01:15:31 (UTC),SPK,NZX,2.32410618,4.7,SELL,,0.05434,nzd,10.86895428,SELL
451ac236-3395-447f-93a7-d6892d0b4492,2022-04-06 22:28:16 (UTC),AIRRG,NZX,12.34567901,0.486,BUY,,0.03,nzd,6,BUY
67fe7bee-7b78-4185-b199-dcf7c70783cc,2022-04-11 01:03:27.207882 (UTC),OZY,NZX,0.25513458,4.68,BUY,,0.00597,nzd,1.194029834,BUY
fc8e8761-1a52-4f10-aa48-9ffae03a1484,2022-04-11 01:03:27.207882 (UTC),EUF,NZX,2.16781019,1.836,BUY,,0.0199,nzd,3.980099509,BUY
cda52d07-785e-4977-a2a4-4663e4b94e7b,2022-04-11 01:03:27.207882 (UTC),FNZ,NZX,0.24276514,3.279,BUY,,0.00398,nzd,0.79601988,BUY
a7dd36c8-32b2-4ae2-a215-c3fd43b4b567,2022-04-11 01:03:27.207882 (UTC),EMF,NZX,2.18847113,1.364,BUY,,0.01493,nzd,2.985074621,BUY
a990bda6-0524-4022-950d-07ad78e2ba42,2022-04-11 01:03:27.207882 (UTC),APA,NZX,1.86334246,2.136,BUY,,0.0199,nzd,3.980099495,BUY
76621e41-94d7-448e-8641-232cf5145715,2022-04-11 01:03:27.207882 (UTC),USF,NZX,0.58235521,11.96,BUY,,0.03483,nzd,6.96517411,BUY
e2b17afd-ecb4-47c6-b2ae-4ac47cf967fa,2022-04-19 02:41:54.751342 (UTC),OZY,NZX,0.25211759,4.736,BUY,,0.00597,nzd,1.194029829,BUY
f90b09ee-b11d-454e-a23a-b94b7e18f9db,2022-04-19 02:41:54.751342 (UTC),EUF,NZX,2.15256773,1.849,BUY,,0.0199,nzd,3.980099506,BUY
63a12208-1976-4374-a10c-4138c152a471,2022-04-19 02:41:54.751342 (UTC),FNZ,NZX,0.24647264,3.23,BUY,,0.00398,nzd,0.79601988,BUY
e2fca849-fa48-414f-9a29-051b990517f4,2022-04-19 02:41:54.751342 (UTC),EMF,NZX,2.18846824,1.364,BUY,,0.01493,nzd,2.985074627,BUY
331db9c7-5a74-445f-b3a5-88c07d4d7f7d,2022-04-19 02:41:54.751342 (UTC),APA,NZX,1.86771305,2.131,BUY,,0.0199,nzd,3.980099507,BUY
57884a75-cc98-41d6-a430-3ec7e6b2952c,2022-04-19 02:41:54.751342 (UTC),USF,NZX,0.58222684,11.963,BUY,,0.03483,nzd,6.965174045,BUY
d7a8742c-ec46-409d-a2c7-d0d0720f526c,2022-04-26 01:43:28.233384 (UTC),OZY,NZX,0.26329214,4.535,BUY,,0.00597,nzd,1.194029855,BUY
d79369d4-e058-4ec0-a389-eafffd986675,2022-04-26 01:43:28.233384 (UTC),EUF,NZX,2.16545131,1.838,BUY,,0.0199,nzd,3.980099508,BUY
ba48eaf8-7817-4d02-aff3-353ceca5826c,2022-04-26 01:43:28.233384 (UTC),FNZ,NZX,0.24644579,3.23,BUY,,0.00398,nzd,0.796019902,BUY
7428b520-4e5a-45a0-82ae-9c2b240555f5,2022-04-26 01:43:28.233384 (UTC),EMF,NZX,2.27001873,1.315,BUY,,0.01493,nzd,2.98507463,BUY
e4b99792-fa26-45d8-81eb-f83bd4a1ad94,2022-04-26 01:43:28.233384 (UTC),APA,NZX,1.88184373,2.115,BUY,,0.0199,nzd,3.980099489,BUY
85d6affe-06f7-41f2-8ccf-be7f23fe0ee0,2022-04-26 01:43:28.233384 (UTC),USF,NZX,0.58723329,11.861,BUY,,0.03483,nzd,6.965174053,BUY
1ebcf277-d869-4458-89d0-f93538721a24,2022-05-02 01:20:49.979425 (UTC),OZY,NZX,0.26059141,4.582,BUY,,0.00597,nzd,1.194029841,BUY
907b2d8f-e8d3-4608-93fa-d2b263ed5c8d,2022-05-02 01:20:49.979425 (UTC),EUF,NZX,2.17135816,1.833,BUY,,0.0199,nzd,3.980099507,BUY
c4bc8c05-b3c2-48e5-a97f-640a39493e2f,2022-05-02 01:20:49.979425 (UTC),FNZ,NZX,0.24721115,3.22,BUY,,0.00398,nzd,0.796019903,BUY
2aaa3fd0-505f-4c91-b119-b478a199553a,2022-05-02 01:20:49.979425 (UTC),EMF,NZX,2.19329509,1.361,BUY,,0.01493,nzd,2.985074617,BUY
4925b057-cfb3-4bec-8acd-005e40267f47,2022-05-02 01:20:49.979425 (UTC),APA,NZX,1.84691392,2.155,BUY,,0.0199,nzd,3.980099498,BUY
82bb24e2-bc82-4966-b113-3f9ec3dbd367,2022-05-02 01:20:49.979425 (UTC),USF,NZX,0.59766381,11.654,BUY,,0.03483,nzd,6.965174042,BUY
00326b27-1d44-44ac-98ae-09a32dac708a,2022-05-09 01:17:24.444250 (UTC),OZY,NZX,0.263874,4.525,BUY,,0.00597,nzd,1.19402985,BUY
64b62149-7f6d-4555-ae25-da4cf8cd2743,2022-05-09 01:17:24.444250 (UTC),EUF,NZX,2.23099748,1.784,BUY,,0.0199,nzd,3.980099504,BUY
adf93826-d1a5-491f-9857-a878eb0f75a9,2022-05-09 01:17:24.444250 (UTC),FNZ,NZX,0.25423376,3.131,BUY,,0.00398,nzd,0.796019885,BUY
8798e703-25fa-4643-a990-1bdea3ce10a0,2022-05-09 01:17:24.444250 (UTC),EMF,NZX,2.27174629,1.314,BUY,,0.01493,nzd,2.985074625,BUY
1cb5beac-e6a0-465a-b476-921eba9a5cc5,2022-05-09 01:17:24.444250 (UTC),APA,NZX,1.85552424,2.145,BUY,,0.0199,nzd,3.980099495,BUY
ee46ab5f-891b-4326-9e0d-8ace65e17464,2022-05-09 01:17:24.444250 (UTC),USF,NZX,0.59679325,11.671,BUY,,0.03483,nzd,6.965174021,BUY
d517982b-059f-4e99-8883-bd03c09b9bdc,2022-05-16 00:00:00 (UTC),23773,FundNZ,3.7893,2.568,SELL,,0,nzd,9.72,SELL
b37e2c16-9541-4809-a859-217b80487330,2022-05-16 00:00:00 (UTC),42033,FundNZ,16.3935,1.415,SELL,,0,nzd,23.19,SELL
63c21901-9568-4ec1-94ee-fdd67b29e605,2022-05-16 01:13:32.311830 (UTC),OZY,NZX,0.26294425,4.541,BUY,,0.00597,nzd,1.194029839,BUY
650a10d0-7f53-49f0-b17c-e92002415ca3,2022-05-16 01:13:32.311830 (UTC),EUF,NZX,2.18207209,1.824,BUY,,0.0199,nzd,3.980099492,BUY
2f209ca9-b73f-418a-b7a5-26c63c63b248,2022-05-16 01:13:32.311830 (UTC),FNZ,NZX,0.26019538,3.059,BUY,,0.00398,nzd,0.796019889,BUY
c0bace52-c88b-49cb-a8c3-a16802a3f898,2022-05-16 01:13:32.311830 (UTC),EMF,NZX,2.23601095,1.335,BUY,,0.01493,nzd,2.985074618,BUY
f5972d96-9840-4d89-b4c9-be5005cf8447,2022-05-16 01:13:32.311830 (UTC),APA,NZX,1.83077254,2.174,BUY,,0.0199,nzd,3.980099502,BUY
2c11d92a-246d-49b1-bb0a-459304f7c542,2022-05-16 01:13:32.311830 (UTC),USF,NZX,0.59340817,11.738,BUY,,0.03483,nzd,6.965174088,BUY
92842377-f22b-444a-9b5d-35d23040afb5,2022-05-18 02:49:04.103135 (UTC),24292,FundNZ,29.84,1.28,SELL,,0,nzd,38.42,SELL
b75c1f62-4bdc-426c-a5a0-3bbb34fd7c0b,2022-05-18 13:30:14.484000 (UTC),AMD,NASDAQ,0.24522457,100.02,BUY,0.634795,0.12264,usd,24.52736319,BUY
8ac49b1c-015a-4417-bc01-cef66568b6a7,2022-05-19 22:44:46 (UTC),NPF,NZX,25.6989562,1.275,BUY,,0.16383,nzd,32.76616916,BUY
d93ffbc5-3ee9-413b-a4a9-555df19da1cf,2022-05-23 01:08:53.272356 (UTC),OZY,NZX,0.26439988,4.516,BUY,,0.00597,nzd,1.194029858,BUY
b379689f-3c3a-4f17-83a6-18581c79dd61,2022-05-23 01:08:53.272356 (UTC),EUF,NZX,2.19531136,1.813,BUY,,0.0199,nzd,3.980099496,BUY
9734e256-7fa2-4ffb-bbaa-899b0df86e01,2022-05-23 01:08:53.272356 (UTC),FNZ,NZX,0.25711237,3.096,BUY,,0.00398,nzd,0.796019898,BUY
0a4fba81-fbf6-443a-80b3-966b45ad7135,2022-05-23 01:08:53.272356 (UTC),EMF,NZX,2.23768712,1.334,BUY,,0.01493,nzd,2.985074618,BUY
3097660e-b96f-469d-9ed4-a081c3cbd13e,2022-05-23 01:08:53.272356 (UTC),APA,NZX,1.83924482,2.164,BUY,,0.0199,nzd,3.980099489,BUY
ba864182-2a56-44a0-b782-e0f88d14d167,2022-05-23 01:08:53.272356 (UTC),USF,NZX,0.623173,11.177,BUY,,0.03483,nzd,6.965174086,BUY
2751db13-a406-4801-92db-b1fa1d9a58f2,2022-05-23 23:57:29 (UTC),ATM,NZX,1.472491,4.92,SELL,,0.03604,nzd,7.20861266,SELL
436d3bbd-a745-4ef7-b73f-ae54fb1769c5,2022-05-24 03:20:39 (UTC),NPF,NZX,5.53986823,1.295,BUY,,0.03587,nzd,7.17412936,BUY
92853ddb-906a-4676-8260-dd139e89f500,2022-05-30 00:00:00 (UTC),23880,FundNZ,5.4,1.711,SELL,,0,nzd,9.23,SELL
c20f9833-587c-4380-9e83-4eb50410a062,2022-05-30 01:06:27.877346 (UTC),OZY,NZX,0.33123353,4.506,BUY,,0.00746,nzd,1.492537292,BUY
a96fae7e-14d8-47a2-9361-2d509c42b0ca,2022-05-30 01:06:27.877346 (UTC),EUF,NZX,2.69508362,1.846,BUY,,0.02488,nzd,4.975124363,BUY
40dafcb9-3559-4cdd-ba22-5990c6ed7e2a,2022-05-30 01:06:27.877346 (UTC),FNZ,NZX,0.32831628,3.031,BUY,,0.00498,nzd,0.995024867,BUY
2e2bf51c-ee7e-46d6-a1dc-733727d616de,2022-05-30 01:06:27.877346 (UTC),EMF,NZX,2.8224987,1.322,BUY,,0.01866,nzd,3.731343281,BUY
137beebb-da77-4406-9017-98b18b098165,2022-05-30 01:06:27.877346 (UTC),APA,NZX,2.3183245,2.146,BUY,,0.02488,nzd,4.975124377,BUY
3d702ca1-28b8-4a84-8788-10f747764f82,2022-05-30 01:06:27.877346 (UTC),USF,NZX,0.7496528,11.614,BUY,,0.04353,nzd,8.706467619,BUY
b3c650c4-3dcb-44e2-b9ed-d8ed84eb6339,2022-06-01 13:30:09.379000 (UTC),AMZN,NASDAQ,0.00243272,2450,BUY,0.651692,0.0298,usd,5.96019901,BUY
c7b5e75b-4841-4bf3-9c7a-f8fbe0d1586b,2022-06-02 01:57:30.841313 (UTC),EBO,NZX,0.168131,40.06,SELL,,0.03351,nzd,6.70181877,SELL
3a4539e5-97e1-4cfa-8319-89dab5a93be2,2022-06-07 01:53:13.765669 (UTC),OZY,NZX,0.33006132,4.522,BUY,,0.00746,nzd,1.492537289,BUY
6896bb11-f15a-45ec-9aa5-b3c13ce35b68,2022-06-07 01:53:13.765669 (UTC),EUF,NZX,2.69362446,1.847,BUY,,0.02488,nzd,4.975124378,BUY
3d64a13c-ebf8-40d5-906b-2949de33ad76,2022-06-07 01:53:13.765669 (UTC),FNZ,NZX,0.32839104,3.03,BUY,,0.00498,nzd,0.995024851,BUY
dbd1ee06-6474-48ff-bc7b-aa5d0fbaa28b,2022-06-07 01:53:13.765669 (UTC),EMF,NZX,2.77836432,1.343,BUY,,0.01866,nzd,3.731343282,BUY
72ea5f99-43f0-4e05-8e2f-ac928ff67bf3,2022-06-07 01:53:13.765669 (UTC),APA,NZX,2.31940597,2.145,BUY,,0.02488,nzd,4.975124363,BUY
df3df8e6-a5f3-4613-9cc0-b1cdd09f65c9,2022-06-07 01:53:13.765669 (UTC),USF,NZX,0.75419791,11.544,BUY,,0.04353,nzd,8.706467566,BUY
d3f269bb-f333-40f6-a262-0168f331f7f5,2022-06-13 01:03:29.662339 (UTC),OZY,NZX,0.35044313,4.259,BUY,,0.00746,nzd,1.492537291,BUY
bcb1caed-e91b-4739-854f-f57aadb35084,2022-06-13 01:03:29.662339 (UTC),EUF,NZX,2.83373235,1.756,BUY,,0.02488,nzd,4.975124379,BUY
02b459d6-e157-4c73-94ad-ba2e66f0c95b,2022-06-13 01:03:29.662339 (UTC),FNZ,NZX,0.33786922,2.945,BUY,,0.00498,nzd,0.995024853,BUY
68761d7d-70f9-4b83-ac2a-e14956461cf2,2022-06-13 01:03:29.662339 (UTC),EMF,NZX,2.7950137,1.335,BUY,,0.01866,nzd,3.73134329,BUY
d8b46306-c901-49be-875b-ebf3ca77e7d1,2022-06-13 01:03:29.662339 (UTC),APA,NZX,2.39685674,2.076,BUY,,0.02488,nzd,4.975124376,BUY
972234b3-6bdd-45fe-a23f-b4dd41813cf7,2022-06-13 01:03:29.662339 (UTC),USF,NZX,0.78656316,11.069,BUY,,0.04353,nzd,8.706467618,BUY
e1cba363-0aaf-4880-8954-1d9c2289efb6,2022-06-20 01:06:50.696928 (UTC),OZY,NZX,0.36889207,4.046,BUY,,0.00746,nzd,1.492537315,BUY
8e030724-2b97-44d1-ae37-5f2b540d3c57,2022-06-20 01:06:50.696928 (UTC),EUF,NZX,2.93171737,1.697,BUY,,0.02488,nzd,4.975124377,BUY
47863788-ff76-4ea8-a9f8-1c0493084db5,2022-06-20 01:06:50.696928 (UTC),FNZ,NZX,0.34852009,2.855,BUY,,0.00498,nzd,0.995024857,BUY
c4aaf8ea-7e2d-40a6-b837-21551c5badd3,2022-06-20 01:06:50.696928 (UTC),EMF,NZX,2.84401165,1.312,BUY,,0.01866,nzd,3.731343285,BUY
65cb2588-e5bd-4036-b6cd-ffb667667cfc,2022-06-20 01:06:50.696928 (UTC),APA,NZX,2.50257765,1.988,BUY,,0.02488,nzd,4.975124368,BUY
1b04c6ed-0910-4be1-a61c-d78f881ce2f6,2022-06-20 01:06:50.696928 (UTC),USF,NZX,0.81727848,10.653,BUY,,0.04353,nzd,8.706467647,BUY
73df7c7b-f48a-4425-837e-e229e7d37034,2022-06-20 23:52:59.321598 (UTC),NPF,NZX,4.88032085,1.207,BUY,1.577568,0.02945,nzd,5.890547266,BUY
23911779-aac9-4c75-a84c-e545f8bc615e,2022-06-21 00:55:33.065604 (UTC),AIR,NZX,10.75702569,0.555,BUY,,0.02985,nzd,5.970149258,BUY
944384b5-745c-47e2-99d4-91438ec2c351,2022-06-27 01:25:04.792361 (UTC),OZY,NZX,0.3610395,4.134,BUY,,0.00746,nzd,1.492537293,BUY
9ac8506a-3634-4e0e-96b2-ab028bcc7de3,2022-06-27 01:25:04.792361 (UTC),EUF,NZX,2.8469708,1.748,BUY,,0.02488,nzd,4.97512438,BUY
cbd6bb73-f15c-470e-aac9-e7beb5f3a4d0,2022-06-27 01:25:04.792361 (UTC),FNZ,NZX,0.33775454,2.946,BUY,,0.00498,nzd,0.995024875,BUY
bf783415-77c3-4b76-a371-d2d049c37e01,2022-06-27 01:25:04.792361 (UTC),EMF,NZX,2.78250753,1.341,BUY,,0.01866,nzd,3.731343279,BUY
9fa55490-f3dc-4941-8152-35562a1f28b1,2022-06-27 01:25:04.792361 (UTC),APA,NZX,2.43639783,2.042,BUY,,0.02488,nzd,4.975124369,BUY
1e65be7e-d59e-474d-8aa3-3e56675d1a10,2022-06-27 01:25:04.792361 (UTC),USF,NZX,0.77514847,11.232,BUY,,0.04353,nzd,8.706467615,BUY
b16a44c1-14a5-422f-8147-d60d5e8de585,2022-07-04 01:11:34.963679 (UTC),OZY,NZX,0.36163707,4.127,BUY,,0.00746,nzd,1.492537305,BUY
24e007a4-7da6-4345-938a-615be064b9ec,2022-07-04 01:11:34.963679 (UTC),EUF,NZX,2.87413541,1.731,BUY,,0.02488,nzd,4.975124371,BUY
32be797b-311f-4b0b-be3b-84278d82e86a,2022-07-04 01:11:34.963679 (UTC),FNZ,NZX,0.33936728,2.932,BUY,,0.00498,nzd,0.995024865,BUY
d52f7c36-78c2-4982-a8b1-f39a5aaa8d04,2022-07-04 01:11:34.963679 (UTC),EMF,NZX,2.7950137,1.335,BUY,,0.01866,nzd,3.73134329,BUY
282fe2ad-68f0-4c70-84db-32bc52d23472,2022-07-04 01:11:34.963679 (UTC),APA,NZX,2.43288552,2.045,BUY,,0.02488,nzd,4.975124378,BUY
6016e70a-f88e-4dba-9218-5226469a77ab,2022-07-04 01:11:34.963679 (UTC),USF,NZX,0.78000964,11.162,BUY,,0.04353,nzd,8.706467602,BUY
4b53e28b-7d3d-44ef-835f-a04be8beb909,2022-07-11 02:03:07.130262 (UTC),OZY,NZX,0.35904193,4.157,BUY,,0.00746,nzd,1.492537303,BUY
eafc90a8-9fe0-42fc-a684-925c22b219d0,2022-07-11 02:03:07.130262 (UTC),EUF,NZX,2.88581974,1.724,BUY,,0.02488,nzd,4.975124374,BUY
92258a3f-5426-4bd7-8951-eac7ba323809,2022-07-11 02:03:07.130262 (UTC),FNZ,NZX,0.33167496,3,BUY,,0.00498,nzd,0.99502488,BUY
9fcfc5df-cd79-4089-916b-5ed980467bef,2022-07-11 02:03:07.130262 (UTC),EMF,NZX,2.76805882,1.348,BUY,,0.01866,nzd,3.731343289,BUY
aabee2c4-29ca-4d1e-a9a9-83a13a4783e8,2022-07-11 02:03:07.130262 (UTC),APA,NZX,2.39189477,2.08,BUY,,0.02488,nzd,4.975124378,BUY
5b918e69-1402-4b9f-b43a-923cac52145c,2022-07-11 02:03:07.130262 (UTC),USF,NZX,0.76072238,11.445,BUY,,0.04353,nzd,8.706467639,BUY
675a824b-8f22-4ec4-aafd-becd7e11ba8c,2022-07-13 22:00:07.000075 (UTC),BGP,NZX,0.28455508,5.42,BUY,1.630981,0.00771,nzd,1.542288534,BUY
bdf69252-b6c5-417a-afb7-451102de2ef1,2022-07-18 01:07:50.396082 (UTC),OZY,NZX,0.36149561,4.129,BUY,,0.00746,nzd,1.492537291,BUY
26a486d6-5062-4228-a613-c846a415d77d,2022-07-18 01:07:50.396082 (UTC),EUF,NZX,2.9162511,1.706,BUY,,0.02488,nzd,4.975124377,BUY
fe9abc75-d985-4b32-8cbb-41af3a2e5f1b,2022-07-18 01:07:50.396082 (UTC),FNZ,NZX,0.33112308,3.005,BUY,,0.00498,nzd,0.995024855,BUY
e33feca4-8f3c-437b-ba9e-a164ef3d9353,2022-07-18 01:07:50.396082 (UTC),EMF,NZX,2.85489157,1.307,BUY,,0.01866,nzd,3.731343282,BUY
7f0116bf-1fbe-4b8c-93e1-de0f3df48a9b,2022-07-18 01:07:50.396082 (UTC),APA,NZX,2.42702964,2.05,BUY,,0.02488,nzd,4.975124373,BUY
d4f3e442-678d-4671-b90b-cb4ae8b14aac,2022-07-18 01:07:50.396082 (UTC),USF,NZX,0.76709169,11.35,BUY,,0.04353,nzd,8.706467669,BUY
512ccd41-68e3-4ec0-9191-edc04fd2a7d0,2022-07-25 02:25:56.777008 (UTC),OZY,NZX,0.35226276,4.237,BUY,,0.00746,nzd,1.492537314,BUY
ed72a6e0-130c-44d7-a7be-bf8a09e1a5c6,2022-07-25 02:25:56.777008 (UTC),EUF,NZX,2.85270893,1.744,BUY,,0.02488,nzd,4.975124374,BUY
cc6fde4b-c1b1-4fb1-a1bb-445005552f38,2022-07-25 02:25:56.777008 (UTC),FNZ,NZX,0.32893384,3.025,BUY,,0.00498,nzd,0.995024866,BUY
7db657ef-07c5-4e3d-a9e2-33928a97d81a,2022-07-25 02:25:56.777008 (UTC),EMF,NZX,2.84624613,1.311,BUY,,0.01866,nzd,3.731343289,BUY
e588cdda-de71-46cb-951b-d206cbe34cc9,2022-07-25 02:25:56.777008 (UTC),APA,NZX,2.37589511,2.094,BUY,,0.02488,nzd,4.97512436,BUY
e2dab7a5-4535-40e7-839d-debf287ebf70,2022-07-25 02:25:56.777008 (UTC),USF,NZX,0.75600358,11.516,BUY,,0.04353,nzd,8.706467601,BUY
